kind,id,name,asset,review
hero,pulse,Pulse Tech,assets/portraits/pulse.png,"Keep yellow faceplate; strengthen an energy-tool silhouette, since it competes with Engineer."
evolution,pulse_pyro,Pyro Specialist,assets/portraits/pulse_pyro.png,Keep ember tubes; put the heat source within the face/shoulder crop so orange alone does not identify it.
evolution,pulse_arc,Arc Specialist,assets/portraits/pulse_arc.png,Keep electrical shoulder arcs; simplify tiny filaments for battle scale.
hero,combat,Strike Unit,assets/portraits/combat.png,Keep blue visor; give the standard soldier one unique helmet notch or armor contour.
evolution,combat_blade,Blade Trooper,assets/portraits/combat_blade.png,Rework silhouette: bladed shoulder/arm element must survive the crop; currently close to base.
evolution,combat_ravager,Ravager,assets/portraits/combat_ravager.png,Keep angular red visor and more aggressive armor; effective branch separation.
hero,shield,Spike Guard,assets/portraits/shield.png,Rework first: the base Spike Guard has few visible spikes; purple face also competes with Ghost.
evolution,shield_bulwark,Bulwark,assets/portraits/shield_bulwark.png,Keep broad chest and shield cells; prioritize one bold barrier shape over small hex detail.
evolution,shield_sentinel,Sentinel,assets/portraits/shield_sentinel.png,Keep strong spikes; this branch communicates the defensive counterattack role more clearly than the base.
hero,avalanche,Avalanche Suit,assets/portraits/avalanche.png,Keep white armor and fur collar; strongest base silhouette/value anchor.
evolution,avalanche_glacier,Glacier Rig,assets/portraits/avalanche_glacier.png,"Keep ice framing, simplify peripheral crystals; clear theme and readable upgrade."
evolution,avalanche_trench,Trench Rig,assets/portraits/avalanche_trench.png,Keep heavy brown enclosure and amber lamp; strong contrast against Glacier.
hero,medic,Splice Medic,assets/portraits/medic.png,Keep white/red armor and medical insignia; immediately identifiable.
evolution,medic_medic,Combat Medic,assets/portraits/medic_medic.png,Strengthen silhouette beyond extra equipment; base and Combat Medic remain very close.
evolution,medic_synth,Synth Medic,assets/portraits/medic_synth.png,Keep green tubes and ring apparatus; strong mechanical evolution while retaining the white armor family.
hero,engineer,Field Engineer,assets/portraits/engineer.png,Keep asymmetric optics; clarify tools rather than adding more tiny connectors.
evolution,engineer_overclocked,Overclock Engineer,assets/portraits/engineer_overclocked.png,Keep amber powered visor; distinguish silhouette from Pulse at small size.
evolution,engineer_phantom,Phantom Engineer,assets/portraits/engineer_phantom.png,Keep partial digital dissolution; preserve Engineer optics so it does not become another Ghost.
hero,ghost,Ghost Operative,assets/portraits/ghost.png,"Keep hood; it is an effective silhouette anchor, though its purple palette overlaps Spike."
evolution,ghost_shadow,Shadow Operative,assets/portraits/ghost_shadow.png,Rework first: base/Shadow use nearly identical hood and mask; streaming cloth is mostly lost in crop.
evolution,ghost_wraith,Wraith,assets/portraits/ghost_wraith.png,Keep faceless sigil; restrict ornament to one clear alien-tech motif to avoid generic fantasy necromancer.
hero,breaker,Signal Breaker,assets/portraits/breaker.png,Keep orange band visor; include a compact signal apparatus within the crop.
evolution,breaker_noise,Noise Specialist,assets/portraits/breaker_noise.png,Keep radial emitter; its distinguishing crown is vulnerable to the established head-focused crop.
evolution,breaker_nullwire,Nullwire,assets/portraits/breaker_nullwire.png,Rework first: currently close to base; move cut-cable or muted-emitter identity inside the face/shoulder crop.
enemy,scrap,Scrap Drone,assets/portraits/enemies/scrap_drone.png,Keep round single lens and exposed cable torso; clear low-rank industrial enemy.
enemy,rust,Rust Drone,assets/portraits/enemies/rust_drone.png,Keep rust and flat visor; separate from friendly blue-visored soldiers with asymmetry.
enemy,signalSkimmer,Static Skimmer,assets/portraits/enemies/static_skimmer.png,Keep hovering saucer profile; strongly different from humanoid drones.
enemy,patrol,Patrol Enforcer,assets/portraits/enemies/patrol_elite.png,Keep blank faceplate; add an obvious weapon/shoulder cue at battle crop.
enemy,guard,Shield Enforcer,assets/portraits/enemies/guard_elite.png,Strengthen actual barrier or shield silhouette; goggles alone do not explain defense.
enemy,warden,Heavy Warden,assets/portraits/enemies/heavy_warden.png,Keep bulky furnace torso; good industrial silhouette.
enemy,volt,Volt Enforcer,assets/portraits/enemies/volt_elite.png,Keep yellow insulated suit; electrical hardware can be clearer.
enemy,boss,Scrapmaster,assets/portraits/enemies/scrapmaster.png,Keep scrap crown and furnace mouth; widen silhouette so boss rank survives the card crop.
enemy,skitter,Skitterling,assets/portraits/enemies/skitterling.png,Strengthen small insect/chaff read; bust treatment makes it look like another armored humanoid.
enemy,mite,Bloodmite,assets/portraits/enemies/bloodmite.png,Purple crystal-like spikes overlap Mantle/Veil; use organic sacks or hooked limbs to emphasize biology.
enemy,stalker,Spine Stalker,assets/portraits/enemies/spine_stalker.png,Keep spine fan and narrow head; coherent predatory shape.
enemy,carapace,Carapace Beetle,assets/portraits/enemies/carapace_beetle.png,Keep broad plated skull; coherent armored insect.
enemy,brood,Broodwarden,assets/portraits/enemies/broodwarden.png,Keep egg-like back sacs; keep these visible within crop.
enemy,spewer,Caustic Spewer,assets/portraits/enemies/caustic_spewer.png,Keep swollen mouth and green acid; clear functional read.
enemy,hiveBoss,Hive Matriarch,assets/portraits/enemies/hive_matriarch.png,Rework rank: too close to Aegis Anchor and smaller-looking than Broodwarden; distinctive brood crown needed.
enemy,veilShard,Shard Drone,assets/portraits/enemies/shardmite.png,Keep geometric floating shield body; strongest Veil design anchor.
enemy,veilPrism,Prism Charger,assets/portraits/enemies/prism_charger.png,Keep hard angular gold prism; use as second Veil anchor.
enemy,veilAegis,Aegis Anchor,assets/portraits/enemies/aegis_anchor.png,Rework first: organic chitin head is too close to Hive Matriarch; make shield architecture visibly geometric.
enemy,veilResonance,Resonance Warden,assets/portraits/enemies/resonance_warden.png,Keep cyan resonator crown; extend this Veil language across the faction.
enemy,veilNull,Phaseblade,assets/portraits/enemies/nullblade.png,Keep narrow blade helmet; make sharp weapon geometry visible.
enemy,veilStorm,Stormweaver,assets/portraits/enemies/stormweaver.png,Rework first: hooded many-eyed cultist reads like Signal rather than geometric Veil.
enemy,veilSynapse,Relay Herald,assets/portraits/enemies/synapse_herald.png,Circular machinery overlaps Signal; emphasize luminous resonator symmetry.
enemy,veilBoss,Veil Overseer,assets/portraits/enemies/conclave_overseer.png,Rework first: hood and gold eyepieces resemble Signal cultists; needs a unique geometric boss crown.
enemy,voidWisp,Signal Wisp,assets/portraits/enemies/glitch_sprite.png,Keep glitch dissolution; ensure face silhouette survives purple noise.
enemy,voidAcolyte,Circuit Acolyte,assets/portraits/enemies/init_acolyte.png,Keep hood and restrained magenta circuit light; clear machine-cult anchor.
enemy,voidScribe,Cipher Scribe,assets/portraits/enemies/checksum_scribe.png,Keep narrow mask and segmented hanging strip; simplify micro-glyph detail.
enemy,voidBinder,Oath Binder,assets/portraits/enemies/axiom_binder.png,Keep heavy mechanical chest; distinguish restraint/clamp shapes from general cult machinery.
enemy,voidGlimmer,False Image,assets/portraits/enemies/forked_double.png,Keep split/double face; readable deception motif.
enemy,voidChanneler,Ash Channeler,assets/portraits/enemies/daemon_channeler.png,Keep violet core and hood; support role can use larger central emitter.
enemy,voidCircletBoss,Signal Hierophant,assets/portraits/enemies/root_hierophant.png,Keep ceremonial red-purple circuit crown; preserve head outline in boss crop.
enemy,beastMonkey,Pumice Climber,assets/portraits/enemies/pumice_macaque.png,"Keep columnar rock mane; close to Basalt Ape, so exaggerate smaller agile head silhouette."
enemy,beastWolf,Obsidian Hound,assets/portraits/enemies/obsidian_hound.png,Keep shard-edged canine; separate black glass from Slag molten material.
enemy,beastWolf,Slag Hound,assets/portraits/enemies/slag_hound.png,Keep orange fractures; make soft/flowing slag contour distinct from Obsidian sharp plates.
enemy,beastLynx,Geode Panther,assets/portraits/enemies/geode_panther.png,Keep purple crystal growth; avoid letting crystals erase its feline head.
enemy,beastBison,Basalt Ape,assets/portraits/enemies/basalt_ape.png,Keep flat heavy face; differentiate its scale/shape from Pumice Climber.
enemy,beastHyena,Cinder Raptor,assets/portraits/enemies/pyroclast_raptor.png,Keep long toothed profile and crest; strong silhouette.
enemy,beastBadger,Magma Drake,assets/portraits/enemies/magma_drake.png,Keep molten plates and rounder snout; coherent volcanic predator.
enemy,beastTyrant,Mantle Tyrant,assets/portraits/enemies/mantle_tyrant.png,"Keep dark massive jaw; brighten one edge and enlarge rank silhouette, otherwise it reads as another hound."
consumable,patch_kit,Patch Kit,assets/icons/items/patch_kit.png,Keep medical pack and green cross; clear utility silhouette.
consumable,triage_broadcast,Triage Broadcast,assets/icons/items/triage_broadcast.png,Keep subject and rendering family; normalize occupied area and verify recognition at loadout size. Reduce small gold detail where it carries no meaning.
consumable,scrap_plate,Scrap Plate,assets/icons/items/scrap_plate.png,Keep subject and rendering family; normalize occupied area and verify recognition at loadout size. Reduce small gold detail where it carries no meaning.
consumable,buckler_array,Shield Array,assets/icons/items/buckler_array.png,Keep subject and rendering family; normalize occupied area and verify recognition at loadout size. Reduce small gold detail where it carries no meaning.
consumable,calibration_chip,Calibration Chip,assets/icons/items/calibration_chip.png,Keep subject and rendering family; normalize occupied area and verify recognition at loadout size. Reduce small gold detail where it carries no meaning.
consumable,momentum_core,Calibration Core,assets/icons/items/momentum_core.png,Keep subject and rendering family; normalize occupied area and verify recognition at loadout size. Reduce small gold detail where it carries no meaning.
consumable,harmonic_injector,Harmonic Injector,assets/icons/items/harmonic_injector.png,Keep subject and rendering family; normalize occupied area and verify recognition at loadout size. Reduce small gold detail where it carries no meaning.
consumable,archive_cascade,Combat Cogitator,assets/icons/items/archive_cascade.png,Keep subject and rendering family; normalize occupied area and verify recognition at loadout size. Reduce small gold detail where it carries no meaning.
consumable,defib_spark,Defibrillator,assets/icons/items/defib_spark.png,Keep subject and rendering family; normalize occupied area and verify recognition at loadout size. Reduce small gold detail where it carries no meaning.
consumable,ghost_veil,Cloak Emitter,assets/icons/items/ghost_veil.png,Keep subject and rendering family; normalize occupied area and verify recognition at loadout size. Reduce small gold detail where it carries no meaning.
consumable,scatter_veil_array,Cloak Array,assets/icons/items/scatter_veil_array.png,Keep subject and rendering family; normalize occupied area and verify recognition at loadout size. Reduce small gold detail where it carries no meaning.
consumable,grounding_clip,Grounding Clip,assets/icons/items/grounding_clip.png,Keep subject and rendering family; normalize occupied area and verify recognition at loadout size. Reduce small gold detail where it carries no meaning.
consumable,corrosion_bomb,Interference Charge,assets/icons/items/signalJam.png,Updated 2026-09-07: reuse the detailed signal emitter for roll interference; original source remains shared with Signal Jammer.
consumable,entropy_seed,Disruption Core,assets/icons/items/entropy_seed.png,Keep subject and rendering family; normalize occupied area and verify recognition at loadout size. Reduce small gold detail where it carries no meaning.
consumable,shock_charge,Shock Charge,assets/icons/items/shock_charge.png,Keep subject and rendering family; normalize occupied area and verify recognition at loadout size. Reduce small gold detail where it carries no meaning.
consumable,acid_vial,Acid Vial,assets/icons/items/acid_vial.png,Keep clear vial silhouette; green chemical art is appropriate here.
consumable,phase_scrambler,Phase Scrambler,assets/icons/items/phase_scrambler.png,Keep subject and rendering family; normalize occupied area and verify recognition at loadout size. Reduce small gold detail where it carries no meaning.
consumable,cascade_jammer,Cascade Scrambler,assets/icons/items/cascade_jammer.png,Keep subject and rendering family; normalize occupied area and verify recognition at loadout size. Reduce small gold detail where it carries no meaning.
consumable,cryo_gel,Cryo Gel,assets/icons/items/cryo_gel.png,Keep subject and rendering family; normalize occupied area and verify recognition at loadout size. Reduce small gold detail where it carries no meaning.
consumable,cryo_web,Cryo Web,assets/icons/items/cryo_web.png,Keep subject and rendering family; normalize occupied area and verify recognition at loadout size. Reduce small gold detail where it carries no meaning.
consumable,deep_zero_pin,Deep Freeze Charge,assets/icons/items/deep_zero_pin.png,Keep pale cryogenic cylinder; strong item function cue.
consumable,protocol_cell,Protocol Cell,assets/icons/items/protocol_cell.png,Keep subject and rendering family; normalize occupied area and verify recognition at loadout size. Reduce small gold detail where it carries no meaning.
consumable,capacitor_dose,Capacitor Cell,assets/icons/items/capacitor_dose.png,Keep subject and rendering family; normalize occupied area and verify recognition at loadout size. Reduce small gold detail where it carries no meaning.
consumable,core_surge,Core Cell,assets/icons/items/core_surge.png,Keep subject and rendering family; normalize occupied area and verify recognition at loadout size. Reduce small gold detail where it carries no meaning.
consumable,mainline_cache,Mainline Cache,assets/icons/items/mainline_cache.png,Keep subject and rendering family; normalize occupied area and verify recognition at loadout size. Reduce small gold detail where it carries no meaning.
gear,neural_splice,Neural Splice,assets/icons/items/neural_splice.png,Keep skull machine only as a controlled grimdark accent; do not make every item a skull.
gear,predator_lens,Predator Lens,assets/icons/items/predator_lens.png,Keep large lens; one of the strongest icons at reward scale.
gear,combat_plating,Combat Plating,assets/icons/items/combat_plating.png,Keep armor plate silhouette; immediately understandable.
gear,stim_injector,Stim Injector,assets/icons/items/stim_injector.png,Keep subject and rendering family; normalize occupied area and verify recognition at loadout size. Reduce small gold detail where it carries no meaning.
gear,warframe_core,Combat Frame Core,assets/icons/items/warframe_core.png,Keep subject and rendering family; normalize occupied area and verify recognition at loadout size. Reduce small gold detail where it carries no meaning.
gear,phase_weave,Phase Weave,assets/icons/items/phase_weave.png,Keep subject and rendering family; normalize occupied area and verify recognition at loadout size. Reduce small gold detail where it carries no meaning.
gear,kill_switch,Salvage Injector,assets/icons/items/kill_switch.png,Keep subject and rendering family; normalize occupied area and verify recognition at loadout size. Reduce small gold detail where it carries no meaning.
gear,protocol_tap,Power Tap,assets/icons/items/protocol_tap.png,Keep subject and rendering family; normalize occupied area and verify recognition at loadout size. Reduce small gold detail where it carries no meaning.
gear,mainline_bus,Mainline Bus,assets/icons/items/mainline_bus.png,Keep subject and rendering family; normalize occupied area and verify recognition at loadout size. Reduce small gold detail where it carries no meaning.
gear,triage_gel,Triage Gel,assets/icons/items/triage_gel.png,Keep subject and rendering family; normalize occupied area and verify recognition at loadout size. Reduce small gold detail where it carries no meaning.
gear,counterweight,Impact Damper,assets/icons/items/counterweight.png,Keep subject and rendering family; normalize occupied area and verify recognition at loadout size. Reduce small gold detail where it carries no meaning.
gear,siphon_loop,Recovery Loop,assets/icons/items/siphon_loop.png,Keep subject and rendering family; normalize occupied area and verify recognition at loadout size. Reduce small gold detail where it carries no meaning.
gear,hemophage_nexus,Hemophage Nexus,assets/icons/items/hemophage_nexus.png,Keep subject and rendering family; normalize occupied area and verify recognition at loadout size. Reduce small gold detail where it carries no meaning.
gear,spike_driver,Assault Driver,assets/icons/items/spike_driver.png,Keep subject and rendering family; normalize occupied area and verify recognition at loadout size. Reduce small gold detail where it carries no meaning.
gear,overkill_matrix,Overkill Matrix,assets/icons/items/overkill_matrix.png,Keep subject and rendering family; normalize occupied area and verify recognition at loadout size. Reduce small gold detail where it carries no meaning.
gear,dead_mans_chip,Survival Chip,assets/icons/items/dead_mans_chip.png,Keep subject and rendering family; normalize occupied area and verify recognition at loadout size. Reduce small gold detail where it carries no meaning.
gear,echo_matrix,Echo Matrix,assets/icons/items/echo_matrix.png,Keep subject and rendering family; normalize occupied area and verify recognition at loadout size. Reduce small gold detail where it carries no meaning.
gear,breach_tip,Penetrator Tip,assets/icons/items/breach_tip.png,Keep subject and rendering family; normalize occupied area and verify recognition at loadout size. Reduce small gold detail where it carries no meaning.
gear,bounty_chip,Bounty Chip,assets/icons/items/bounty_chip.png,Keep subject and rendering family; normalize occupied area and verify recognition at loadout size. Reduce small gold detail where it carries no meaning.
gear,band_compressor,Band Compressor,assets/icons/items/band_compressor.png,Keep subject and rendering family; normalize occupied area and verify recognition at loadout size. Reduce small gold detail where it carries no meaning.
gear,wide_aperture,Wide Aperture,assets/icons/items/wide_aperture.png,Keep subject and rendering family; normalize occupied area and verify recognition at loadout size. Reduce small gold detail where it carries no meaning.
gear,reverse_gimbal,Reverse Gimbal,assets/icons/items/reverse_gimbal.png,Keep subject and rendering family; normalize occupied area and verify recognition at loadout size. Reduce small gold detail where it carries no meaning.
gear,priming_charge,Priming Charge,assets/icons/items/priming_charge.png,Keep subject and rendering family; normalize occupied area and verify recognition at loadout size. Reduce small gold detail where it carries no meaning.
gear,overload_capacitor,Overload Capacitor,assets/icons/items/overload_capacitor.png,Keep subject and rendering family; normalize occupied area and verify recognition at loadout size. Reduce small gold detail where it carries no meaning.
gear,ignition_coil,Ignition Coil,assets/icons/items/ignition_coil.png,Keep subject and rendering family; normalize occupied area and verify recognition at loadout size. Reduce small gold detail where it carries no meaning.
gear,payload_fuse,Payload Fuse,assets/icons/items/payload_fuse.png,Keep subject and rendering family; normalize occupied area and verify recognition at loadout size. Reduce small gold detail where it carries no meaning.
gear,targeting_optic,Targeting Optic,assets/icons/items/targeting_optic.png,Keep subject and rendering family; normalize occupied area and verify recognition at loadout size. Reduce small gold detail where it carries no meaning.
gear,mirror_plate,Mirror Plate,assets/icons/items/mirror_plate.png,Keep subject and rendering family; normalize occupied area and verify recognition at loadout size. Reduce small gold detail where it carries no meaning.
gear,anchor_frame,Anchor Frame,assets/icons/items/anchor_frame.png,Keep subject and rendering family; normalize occupied area and verify recognition at loadout size. Reduce small gold detail where it carries no meaning.
gear,killswitch_relay,Deathburst Relay,assets/icons/items/killswitch_relay.png,Keep subject and rendering family; normalize occupied area and verify recognition at loadout size. Reduce small gold detail where it carries no meaning.
gear,sync_antenna,Sync Antenna,assets/icons/items/sync_antenna.png,Keep subject and rendering family; normalize occupied area and verify recognition at loadout size. Reduce small gold detail where it carries no meaning.
relic,ironCurtain,Iron Curtain,assets/icons/items/ironCurtain.png,Keep subject and rendering family; normalize occupied area and verify recognition at loadout size. Reduce small gold detail where it carries no meaning.
relic,openingGambit,Opening Salvo,assets/icons/items/openingGambit.png,Keep subject and rendering family; normalize occupied area and verify recognition at loadout size. Reduce small gold detail where it carries no meaning.
relic,bulwarkAura,Bulwark Projector,assets/icons/items/bulwarkAura.png,Keep subject and rendering family; normalize occupied area and verify recognition at loadout size. Reduce small gold detail where it carries no meaning.
relic,naniteField,Nanite Field,assets/icons/items/naniteField.png,Keep subject and rendering family; normalize occupied area and verify recognition at loadout size. Reduce small gold detail where it carries no meaning.
relic,plagueProtocol,Caustic Disperser,assets/icons/items/plagueProtocol.png,Keep subject and rendering family; normalize occupied area and verify recognition at loadout size. Reduce small gold detail where it carries no meaning.
relic,overcharge,Overcharge,assets/icons/items/overcharge.png,Keep subject and rendering family; normalize occupied area and verify recognition at loadout size. Reduce small gold detail where it carries no meaning.
relic,signalJam,Signal Interference,assets/icons/items/signalJam.png,Increase antenna silhouette brightness/area; very thin gold wire disappears small.
relic,coordinatedStrike,Coordinated Strike,assets/icons/items/coordinatedStrike.png,Keep subject and rendering family; normalize occupied area and verify recognition at loadout size. Reduce small gold detail where it carries no meaning.
relic,resonanceCascade,Thermal Catalyst,assets/icons/items/resonanceCascade.png,Clarify machinery; bell-like silhouette reads ceremonial before technological.
relic,gravityWell,Gravity Well,assets/icons/items/momentum_core.png,Updated 2026-09-07: reuse the detailed orbital apparatus for the gravity field; original source remains shared with Momentum Core.
relic,protocolOverride,Supply Bypass,assets/icons/items/protocolOverride.png,Keep subject and rendering family; normalize occupied area and verify recognition at loadout size. Reduce small gold detail where it carries no meaning.
relic,entropyLeak,Attrition Field,assets/icons/items/entropyLeak.png,Rework hourglass motif toward a damaged clock/regulator; currently reads fantasy time magic.
relic,chainReaction,Chain Reaction,assets/icons/items/chainReaction.png,Keep subject and rendering family; normalize occupied area and verify recognition at loadout size. Reduce small gold detail where it carries no meaning.
relic,martyrdomProtocol,Vengeance Order,assets/icons/items/martyrdomProtocol.png,Keep subject and rendering family; normalize occupied area and verify recognition at loadout size. Reduce small gold detail where it carries no meaning.
relic,overloadLoop,Overload Loop,assets/icons/items/overloadLoop.png,Keep subject and rendering family; normalize occupied area and verify recognition at loadout size. Reduce small gold detail where it carries no meaning.
relic,curatedCache,Priority Cache,assets/icons/items/curatedCache.png,Keep subject and rendering family; normalize occupied area and verify recognition at loadout size. Reduce small gold detail where it carries no meaning.
relic,overflowBuffer,Reserve Capacitor,assets/icons/items/overflowBuffer.png,Keep subject and rendering family; normalize occupied area and verify recognition at loadout size. Reduce small gold detail where it carries no meaning.
relic,fieldCache,Field Cache,assets/icons/items/fieldCache.png,Keep subject and rendering family; normalize occupied area and verify recognition at loadout size. Reduce small gold detail where it carries no meaning.
relic,mercyProtocol,Revival Matrix,assets/icons/items/mercyProtocol.png,Keep as ceremonial relic; winged saint shape should remain exceptional.
relic,emergencySignal,Emergency Signal,assets/icons/items/emergencySignal.png,Keep subject and rendering family; normalize occupied area and verify recognition at loadout size. Reduce small gold detail where it carries no meaning.
relic,aegisField,Aegis Field,assets/icons/items/aegisField.png,Keep subject and rendering family; normalize occupied area and verify recognition at loadout size. Reduce small gold detail where it carries no meaning.
relic,standingOrder,Standing Order,assets/icons/items/standingOrder.png,Rework parchment/scroll into a stamped command plate if military emphasis is chosen.
relic,staticField,Static Field,assets/icons/items/staticField.png,Keep subject and rendering family; normalize occupied area and verify recognition at loadout size. Reduce small gold detail where it carries no meaning.
relic,twinFates,Twin Fates,assets/icons/items/twinFates.png,Reframe art: two small dice and a fine gold line occupy little of the tile; simplify into two large linked dice.
relic,overflowVent,Overflow Vent,assets/icons/items/overflowVent.png,Keep subject and rendering family; normalize occupied area and verify recognition at loadout size. Reduce small gold detail where it carries no meaning.
relic,salvageDirective,Salvage Directive,assets/icons/items/salvageDirective.png,Replace parchment with salvage requisition slate; keep the stamped hierarchy.
relic,coldLogic,Cold Logic,assets/icons/items/coldLogic.png,Keep subject and rendering family; normalize occupied area and verify recognition at loadout size. Reduce small gold detail where it carries no meaning.
relic,chainDoctrine,Chain Doctrine,assets/icons/items/chainDoctrine.png,Increase central object occupancy; book/plate is tiny and excessively dark.
relic,scavengerManifest,Scavenger Manifest,assets/icons/items/scavengerManifest.png,Use inventory slate rather than parchment to distinguish it from Salvage Directive.
relic,deadMansHand,Dead Man's Hand,assets/icons/items/deadMansHand.png,Keep subject and rendering family; normalize occupied area and verify recognition at loadout size. Reduce small gold detail where it carries no meaning.
relic,salvageRig,Salvage Rig,assets/icons/items/salvageRig.png,Keep subject and rendering family; normalize occupied area and verify recognition at loadout size. Reduce small gold detail where it carries no meaning.
relic,chitinGraft,Chitin Graft,assets/icons/items/chitinGraft.png,Keep subject and rendering family; normalize occupied area and verify recognition at loadout size. Reduce small gold detail where it carries no meaning.
relic,resonantChorus,Resonant Chorus,assets/icons/items/resonantChorus.png,Keep subject and rendering family; normalize occupied area and verify recognition at loadout size. Reduce small gold detail where it carries no meaning.
relic,rootAccess,Root Access,assets/icons/items/rootAccess.png,Keep subject and rendering family; normalize occupied area and verify recognition at loadout size. Reduce small gold detail where it carries no meaning.
relic,mantleCore,Mantle Core,assets/icons/items/mantleCore.png,Keep subject and rendering family; normalize occupied area and verify recognition at loadout size. Reduce small gold detail where it carries no meaning.
